,name,hp,hpperlevel,1,2,3,4,5,6,7,8,9,10,11,12,13,14,15,16,17,18
0,Aatrox,580.0,80.0,580.0,660.0,740.0,820.0,900.0,980.0,1060.0,1140.0,1220.0,1300.0,1380.0,1460.0,1540.0,1620.0,1700.0,1780.0,1860.0,1940.0
1,Ahri,526.0,92.0,526.0,618.0,710.0,802.0,894.0,986.0,1078.0,1170.0,1262.0,1354.0,1446.0,1538.0,1630.0,1722.0,1814.0,1906.0,1998.0,2090.0
2,Akali,550.0,85.0,550.0,635.0,720.0,805.0,890.0,975.0,1060.0,1145.0,1230.0,1315.0,1400.0,1485.0,1570.0,1655.0,1740.0,1825.0,1910.0,1995.0
3,Alistar,573.36,106.0,573.36,679.36,785.36,891.36,997.36,1103.3600000000001,1209.3600000000001,1315.3600000000001,1421.3600000000001,1527.3600000000001,1633.3600000000001,1739.3600000000001,1845.3600000000001,1951.3600000000001,2057.36,2163.36,2269.36,2375.36
4,Amumu,613.12,84.0,613.12,697.12,781.12,865.12,949.12,1033.12,1117.12,1201.12,1285.12,1369.12,1453.12,1537.12,1621.12,1705.12,1789.12,1873.12,1957.12,2041.12
5,Anivia,480.0,82.0,480.0,562.0,644.0,726.0,808.0,890.0,972.0,1054.0,1136.0,1218.0,1300.0,1382.0,1464.0,1546.0,1628.0,1710.0,1792.0,1874.0
6,Annie,524.0,88.0,524.0,612.0,700.0,788.0,876.0,964.0,1052.0,1140.0,1228.0,1316.0,1404.0,1492.0,1580.0,1668.0,1756.0,1844.0,1932.0,2020.0
7,Ashe,539.0,85.0,539.0,624.0,709.0,794.0,879.0,964.0,1049.0,1134.0,1219.0,1304.0,1389.0,1474.0,1559.0,1644.0,1729.0,1814.0,1899.0,1984.0
8,Aurelion Sol,510.0,92.0,510.0,602.0,694.0,786.0,878.0,970.0,1062.0,1154.0,1246.0,1338.0,1430.0,1522.0,1614.0,1706.0,1798.0,1890.0,1982.0,2074.0
9,Azir,552.0,92.0,552.0,644.0,736.0,828.0,920.0,1012.0,1104.0,1196.0,1288.0,1380.0,1472.0,1564.0,1656.0,1748.0,1840.0,1932.0,2024.0,2116.0
10,Bard,535.0,89.0,535.0,624.0,713.0,802.0,891.0,980.0,1069.0,1158.0,1247.0,1336.0,1425.0,1514.0,1603.0,1692.0,1781.0,1870.0,1959.0,2048.0
11,Blitzcrank,582.6,95.0,582.6,677.6,772.6,867.6,962.6,1057.6,1152.6,1247.6,1342.6,1437.6,1532.6,1627.6,1722.6,1817.6,1912.6,2007.6,2102.6,2197.6
12,Brand,519.68,88.0,519.68,607.68,695.68,783.68,871.68,959.68,1047.6799999999998,1135.6799999999998,1223.6799999999998,1311.6799999999998,1399.6799999999998,1487.6799999999998,1575.6799999999998,1663.6799999999998,1751.6799999999998,1839.6799999999998,1927.6799999999998,2015.6799999999998
13,Braum,540.0,87.0,540.0,627.0,714.0,801.0,888.0,975.0,1062.0,1149.0,1236.0,1323.0,1410.0,1497.0,1584.0,1671.0,1758.0,1845.0,1932.0,2019.0
14,Caitlyn,481.0,91.0,481.0,572.0,663.0,754.0,845.0,936.0,1027.0,1118.0,1209.0,1300.0,1391.0,1482.0,1573.0,1664.0,1755.0,1846.0,1937.0,2028.0
15,Camille,575.6,85.0,575.6,660.6,745.6,830.6,915.6,1000.6,1085.6,1170.6,1255.6,1340.6,1425.6,1510.6,1595.6,1680.6,1765.6,1850.6,1935.6,2020.6
16,Cassiopeia,537.0,87.0,537.0,624.0,711.0,798.0,885.0,972.0,1059.0,1146.0,1233.0,1320.0,1407.0,1494.0,1581.0,1668.0,1755.0,1842.0,1929.0,2016.0
17,Cho'Gath,574.4,80.0,574.4,654.4,734.4,814.4,894.4,974.4,1054.4,1134.4,1214.4,1294.4,1374.4,1454.4,1534.4,1614.4,1694.4,1774.4,1854.4,1934.4
18,Corki,518.0,87.0,518.0,605.0,692.0,779.0,866.0,953.0,1040.0,1127.0,1214.0,1301.0,1388.0,1475.0,1562.0,1649.0,1736.0,1823.0,1910.0,1997.0
19,Darius,582.24,100.0,582.24,682.24,782.24,882.24,982.24,1082.24,1182.24,1282.24,1382.24,1482.24,1582.24,1682.24,1782.24,1882.24,1982.24,2082.24,2182.24,2282.24
20,Diana,594.0,95.0,594.0,689.0,784.0,879.0,974.0,1069.0,1164.0,1259.0,1354.0,1449.0,1544.0,1639.0,1734.0,1829.0,1924.0,2019.0,2114.0,2209.0
21,Draven,574.0,88.0,574.0,662.0,750.0,838.0,926.0,1014.0,1102.0,1190.0,1278.0,1366.0,1454.0,1542.0,1630.0,1718.0,1806.0,1894.0,1982.0,2070.0
22,Dr. Mundo,582.52,89.0,582.52,671.52,760.52,849.52,938.52,1027.52,1116.52,1205.52,1294.52,1383.52,1472.52,1561.52,1650.52,1739.52,1828.52,1917.52,2006.52,2095.52
23,Ekko,585.0,85.0,585.0,670.0,755.0,840.0,925.0,1010.0,1095.0,1180.0,1265.0,1350.0,1435.0,1520.0,1605.0,1690.0,1775.0,1860.0,1945.0,2030.0
24,Elise,534.0,93.0,534.0,627.0,720.0,813.0,906.0,999.0,1092.0,1185.0,1278.0,1371.0,1464.0,1557.0,1650.0,1743.0,1836.0,1929.0,2022.0,2115.0
25,Evelynn,572.0,84.0,572.0,656.0,740.0,824.0,908.0,992.0,1076.0,1160.0,1244.0,1328.0,1412.0,1496.0,1580.0,1664.0,1748.0,1832.0,1916.0,2000.0
26,Ezreal,491.0,86.0,491.0,577.0,663.0,749.0,835.0,921.0,1007.0,1093.0,1179.0,1265.0,1351.0,1437.0,1523.0,1609.0,1695.0,1781.0,1867.0,1953.0
27,Fiddlesticks,524.4,80.0,524.4,604.4,684.4,764.4,844.4,924.4,1004.4,1084.4,1164.4,1244.4,1324.4,1404.4,1484.4,1564.4,1644.4,1724.4,1804.4,1884.4
28,Fiora,550.0,85.0,550.0,635.0,720.0,805.0,890.0,975.0,1060.0,1145.0,1230.0,1315.0,1400.0,1485.0,1570.0,1655.0,1740.0,1825.0,1910.0,1995.0
29,Fizz,570.0,98.0,570.0,668.0,766.0,864.0,962.0,1060.0,1158.0,1256.0,1354.0,1452.0,1550.0,1648.0,1746.0,1844.0,1942.0,2040.0,2138.0,2236.0
30,Galio,562.0,112.0,562.0,674.0,786.0,898.0,1010.0,1122.0,1234.0,1346.0,1458.0,1570.0,1682.0,1794.0,1906.0,2018.0,2130.0,2242.0,2354.0,2466.0
31,Gangplank,540.0,82.0,540.0,622.0,704.0,786.0,868.0,950.0,1032.0,1114.0,1196.0,1278.0,1360.0,1442.0,1524.0,1606.0,1688.0,1770.0,1852.0,1934.0
32,Garen,616.28,84.25,616.28,700.53,784.78,869.03,953.28,1037.53,1121.78,1206.03,1290.28,1374.53,1458.78,1543.03,1627.28,1711.53,1795.78,1880.03,1964.28,2048.5299999999997
33,Gnar,510.0,65.0,510.0,575.0,640.0,705.0,770.0,835.0,900.0,965.0,1030.0,1095.0,1160.0,1225.0,1290.0,1355.0,1420.0,1485.0,1550.0,1615.0
34,Gragas,583.52,89.0,583.52,672.52,761.52,850.52,939.52,1028.52,1117.52,1206.52,1295.52,1384.52,1473.52,1562.52,1651.52,1740.52,1829.52,1918.52,2007.52,2096.52
35,Graves,551.12,92.0,551.12,643.12,735.12,827.12,919.12,1011.12,1103.12,1195.12,1287.12,1379.12,1471.12,1563.12,1655.12,1747.12,1839.12,1931.12,2023.12,2115.12
36,Hecarim,580.0,90.0,580.0,670.0,760.0,850.0,940.0,1030.0,1120.0,1210.0,1300.0,1390.0,1480.0,1570.0,1660.0,1750.0,1840.0,1930.0,2020.0,2110.0
37,Heimerdinger,488.0,87.0,488.0,575.0,662.0,749.0,836.0,923.0,1010.0,1097.0,1184.0,1271.0,1358.0,1445.0,1532.0,1619.0,1706.0,1793.0,1880.0,1967.0
38,Illaoi,585.6,95.0,585.6,680.6,775.6,870.6,965.6,1060.6,1155.6,1250.6,1345.6,1440.6,1535.6,1630.6,1725.6,1820.6,1915.6,2010.6,2105.6,2200.6
39,Irelia,580.0,85.0,580.0,665.0,750.0,835.0,920.0,1005.0,1090.0,1175.0,1260.0,1345.0,1430.0,1515.0,1600.0,1685.0,1770.0,1855.0,1940.0,2025.0
40,Ivern,585.0,95.0,585.0,680.0,775.0,870.0,965.0,1060.0,1155.0,1250.0,1345.0,1440.0,1535.0,1630.0,1725.0,1820.0,1915.0,2010.0,2105.0,2200.0
41,Janna,500.0,70.0,500.0,570.0,640.0,710.0,780.0,850.0,920.0,990.0,1060.0,1130.0,1200.0,1270.0,1340.0,1410.0,1480.0,1550.0,1620.0,1690.0
42,Jarvan IV,571.2,90.0,571.2,661.2,751.2,841.2,931.2,1021.2,1111.2,1201.2,1291.2,1381.2,1471.2,1561.2,1651.2,1741.2,1831.2,1921.2,2011.2,2101.2
43,Jax,592.8,85.0,592.8,677.8,762.8,847.8,932.8,1017.8,1102.8,1187.8,1272.8,1357.8,1442.8,1527.8,1612.8,1697.8,1782.8,1867.8,1952.8,2037.8
44,Jayce,576.0,95.0,576.0,671.0,766.0,861.0,956.0,1051.0,1146.0,1241.0,1336.0,1431.0,1526.0,1621.0,1716.0,1811.0,1906.0,2001.0,2096.0,2191.0
45,Jhin,556.0,91.0,556.0,647.0,738.0,829.0,920.0,1011.0,1102.0,1193.0,1284.0,1375.0,1466.0,1557.0,1648.0,1739.0,1830.0,1921.0,2012.0,2103.0
46,Jinx,581.0,84.0,581.0,665.0,749.0,833.0,917.0,1001.0,1085.0,1169.0,1253.0,1337.0,1421.0,1505.0,1589.0,1673.0,1757.0,1841.0,1925.0,2009.0
47,Kai'Sa,571.0,86.0,571.0,657.0,743.0,829.0,915.0,1001.0,1087.0,1173.0,1259.0,1345.0,1431.0,1517.0,1603.0,1689.0,1775.0,1861.0,1947.0,2033.0
48,Kalista,534.0,89.0,534.0,623.0,712.0,801.0,890.0,979.0,1068.0,1157.0,1246.0,1335.0,1424.0,1513.0,1602.0,1691.0,1780.0,1869.0,1958.0,2047.0
49,Karma,534.0,95.0,534.0,629.0,724.0,819.0,914.0,1009.0,1104.0,1199.0,1294.0,1389.0,1484.0,1579.0,1674.0,1769.0,1864.0,1959.0,2054.0,2149.0
50,Karthus,528.0,87.0,528.0,615.0,702.0,789.0,876.0,963.0,1050.0,1137.0,1224.0,1311.0,1398.0,1485.0,1572.0,1659.0,1746.0,1833.0,1920.0,2007.0
51,Kassadin,576.0,90.0,576.0,666.0,756.0,846.0,936.0,1026.0,1116.0,1206.0,1296.0,1386.0,1476.0,1566.0,1656.0,1746.0,1836.0,1926.0,2016.0,2106.0
52,Katarina,602.0,94.0,602.0,696.0,790.0,884.0,978.0,1072.0,1166.0,1260.0,1354.0,1448.0,1542.0,1636.0,1730.0,1824.0,1918.0,2012.0,2106.0,2200.0
53,Kayle,586.0,105.0,586.0,691.0,796.0,901.0,1006.0,1111.0,1216.0,1321.0,1426.0,1531.0,1636.0,1741.0,1846.0,1951.0,2056.0,2161.0,2266.0,2371.0
54,Kayn,585.0,85.0,585.0,670.0,755.0,840.0,925.0,1010.0,1095.0,1180.0,1265.0,1350.0,1435.0,1520.0,1605.0,1690.0,1775.0,1860.0,1945.0,2030.0
55,Kennen,541.0,84.0,541.0,625.0,709.0,793.0,877.0,961.0,1045.0,1129.0,1213.0,1297.0,1381.0,1465.0,1549.0,1633.0,1717.0,1801.0,1885.0,1969.0
56,Kha'Zix,572.8,85.0,572.8,657.8,742.8,827.8,912.8,997.8,1082.8,1167.8,1252.8,1337.8,1422.8,1507.8,1592.8,1677.8,1762.8,1847.8,1932.8,2017.8
57,Kindred,540.0,85.0,540.0,625.0,710.0,795.0,880.0,965.0,1050.0,1135.0,1220.0,1305.0,1390.0,1475.0,1560.0,1645.0,1730.0,1815.0,1900.0,1985.0
58,Kled,340.0,70.0,340.0,410.0,480.0,550.0,620.0,690.0,760.0,830.0,900.0,970.0,1040.0,1110.0,1180.0,1250.0,1320.0,1390.0,1460.0,1530.0
59,Kog'Maw,534.0,88.0,534.0,622.0,710.0,798.0,886.0,974.0,1062.0,1150.0,1238.0,1326.0,1414.0,1502.0,1590.0,1678.0,1766.0,1854.0,1942.0,2030.0
60,LeBlanc,528.0,92.0,528.0,620.0,712.0,804.0,896.0,988.0,1080.0,1172.0,1264.0,1356.0,1448.0,1540.0,1632.0,1724.0,1816.0,1908.0,2000.0,2092.0
61,Lee Sin,570.8,85.0,570.8,655.8,740.8,825.8,910.8,995.8,1080.8,1165.8,1250.8,1335.8,1420.8,1505.8,1590.8,1675.8,1760.8,1845.8,1930.8,2015.8
62,Leona,576.16,87.0,576.16,663.16,750.16,837.16,924.16,1011.16,1098.1599999999999,1185.1599999999999,1272.1599999999999,1359.1599999999999,1446.1599999999999,1533.1599999999999,1620.1599999999999,1707.1599999999999,1794.1599999999999,1881.1599999999999,1968.1599999999999,2055.16
63,Lissandra,518.0,87.0,518.0,605.0,692.0,779.0,866.0,953.0,1040.0,1127.0,1214.0,1301.0,1388.0,1475.0,1562.0,1649.0,1736.0,1823.0,1910.0,1997.0
64,Lucian,571.0,86.0,571.0,657.0,743.0,829.0,915.0,1001.0,1087.0,1173.0,1259.0,1345.0,1431.0,1517.0,1603.0,1689.0,1775.0,1861.0,1947.0,2033.0
65,Lulu,525.0,74.0,525.0,599.0,673.0,747.0,821.0,895.0,969.0,1043.0,1117.0,1191.0,1265.0,1339.0,1413.0,1487.0,1561.0,1635.0,1709.0,1783.0
66,Lux,490.0,85.0,490.0,575.0,660.0,745.0,830.0,915.0,1000.0,1085.0,1170.0,1255.0,1340.0,1425.0,1510.0,1595.0,1680.0,1765.0,1850.0,1935.0
67,Malphite,574.2,90.0,574.2,664.2,754.2,844.2,934.2,1024.2,1114.2,1204.2,1294.2,1384.2,1474.2,1564.2,1654.2,1744.2,1834.2,1924.2,2014.2,2104.2
68,Malzahar,537.0,87.0,537.0,624.0,711.0,798.0,885.0,972.0,1059.0,1146.0,1233.0,1320.0,1407.0,1494.0,1581.0,1668.0,1755.0,1842.0,1929.0,2016.0
69,Maokai,565.0,95.0,565.0,660.0,755.0,850.0,945.0,1040.0,1135.0,1230.0,1325.0,1420.0,1515.0,1610.0,1705.0,1800.0,1895.0,1990.0,2085.0,2180.0
70,Master Yi,598.56,92.0,598.56,690.56,782.56,874.56,966.56,1058.56,1150.56,1242.56,1334.56,1426.56,1518.56,1610.56,1702.56,1794.56,1886.56,1978.56,2070.56,2162.56
71,Miss Fortune,541.0,91.0,541.0,632.0,723.0,814.0,905.0,996.0,1087.0,1178.0,1269.0,1360.0,1451.0,1542.0,1633.0,1724.0,1815.0,1906.0,1997.0,2088.0
72,Wukong,577.8,85.0,577.8,662.8,747.8,832.8,917.8,1002.8,1087.8,1172.8,1257.8,1342.8,1427.8,1512.8,1597.8,1682.8,1767.8,1852.8,1937.8,2022.8
73,Mordekaiser,530.0,78.0,530.0,608.0,686.0,764.0,842.0,920.0,998.0,1076.0,1154.0,1232.0,1310.0,1388.0,1466.0,1544.0,1622.0,1700.0,1778.0,1856.0
74,Morgana,559.48,90.0,559.48,649.48,739.48,829.48,919.48,1009.48,1099.48,1189.48,1279.48,1369.48,1459.48,1549.48,1639.48,1729.48,1819.48,1909.48,1999.48,2089.48
75,Nami,489.32,74.0,489.32,563.3199999999999,637.3199999999999,711.3199999999999,785.3199999999999,859.3199999999999,933.3199999999999,1007.3199999999999,1081.32,1155.32,1229.32,1303.32,1377.32,1451.32,1525.32,1599.32,1673.32,1747.32
76,Nasus,561.2,90.0,561.2,651.2,741.2,831.2,921.2,1011.2,1101.2,1191.2,1281.2,1371.2,1461.2,1551.2,1641.2,1731.2,1821.2,1911.2,2001.2,2091.2
77,Nautilus,576.48,86.0,576.48,662.48,748.48,834.48,920.48,1006.48,1092.48,1178.48,1264.48,1350.48,1436.48,1522.48,1608.48,1694.48,1780.48,1866.48,1952.48,2038.48
78,Neeko,540.0,90.0,540.0,630.0,720.0,810.0,900.0,990.0,1080.0,1170.0,1260.0,1350.0,1440.0,1530.0,1620.0,1710.0,1800.0,1890.0,1980.0,2070.0
79,Nidalee,545.0,85.0,545.0,630.0,715.0,800.0,885.0,970.0,1055.0,1140.0,1225.0,1310.0,1395.0,1480.0,1565.0,1650.0,1735.0,1820.0,1905.0,1990.0
80,Nocturne,582.8,85.0,582.8,667.8,752.8,837.8,922.8,1007.8,1092.8,1177.8,1262.8,1347.8,1432.8,1517.8,1602.8,1687.8,1772.8,1857.8,1942.8,2027.8
81,Nunu & Willump,590.0,90.0,590.0,680.0,770.0,860.0,950.0,1040.0,1130.0,1220.0,1310.0,1400.0,1490.0,1580.0,1670.0,1760.0,1850.0,1940.0,2030.0,2120.0
82,Olaf,597.24,93.0,597.24,690.24,783.24,876.24,969.24,1062.24,1155.24,1248.24,1341.24,1434.24,1527.24,1620.24,1713.24,1806.24,1899.24,1992.24,2085.24,2178.24
83,Orianna,530.0,91.0,530.0,621.0,712.0,803.0,894.0,985.0,1076.0,1167.0,1258.0,1349.0,1440.0,1531.0,1622.0,1713.0,1804.0,1895.0,1986.0,2077.0
84,Ornn,590.0,95.0,590.0,685.0,780.0,875.0,970.0,1065.0,1160.0,1255.0,1350.0,1445.0,1540.0,1635.0,1730.0,1825.0,1920.0,2015.0,2110.0,2205.0
85,Pantheon,579.16,87.0,579.16,666.16,753.16,840.16,927.16,1014.16,1101.1599999999999,1188.1599999999999,1275.1599999999999,1362.1599999999999,1449.1599999999999,1536.1599999999999,1623.1599999999999,1710.1599999999999,1797.1599999999999,1884.1599999999999,1971.1599999999999,2058.16
86,Poppy,540.0,90.0,540.0,630.0,720.0,810.0,900.0,990.0,1080.0,1170.0,1260.0,1350.0,1440.0,1530.0,1620.0,1710.0,1800.0,1890.0,1980.0,2070.0
87,Pyke,600.0,100.0,600.0,700.0,800.0,900.0,1000.0,1100.0,1200.0,1300.0,1400.0,1500.0,1600.0,1700.0,1800.0,1900.0,2000.0,2100.0,2200.0,2300.0
88,Quinn,532.8,85.0,532.8,617.8,702.8,787.8,872.8,957.8,1042.8,1127.8,1212.8,1297.8,1382.8,1467.8,1552.8,1637.8,1722.8,1807.8,1892.8,1977.8
89,Rakan,480.0,85.0,480.0,565.0,650.0,735.0,820.0,905.0,990.0,1075.0,1160.0,1245.0,1330.0,1415.0,1500.0,1585.0,1670.0,1755.0,1840.0,1925.0
90,Rammus,564.48,86.0,564.48,650.48,736.48,822.48,908.48,994.48,1080.48,1166.48,1252.48,1338.48,1424.48,1510.48,1596.48,1682.48,1768.48,1854.48,1940.48,2026.48
91,Rek'Sai,570.0,85.0,570.0,655.0,740.0,825.0,910.0,995.0,1080.0,1165.0,1250.0,1335.0,1420.0,1505.0,1590.0,1675.0,1760.0,1845.0,1930.0,2015.0
92,Renekton,572.16,87.0,572.16,659.16,746.16,833.16,920.16,1007.16,1094.1599999999999,1181.1599999999999,1268.1599999999999,1355.1599999999999,1442.1599999999999,1529.1599999999999,1616.1599999999999,1703.1599999999999,1790.1599999999999,1877.1599999999999,1964.1599999999999,2051.16
93,Rengar,585.0,90.0,585.0,675.0,765.0,855.0,945.0,1035.0,1125.0,1215.0,1305.0,1395.0,1485.0,1575.0,1665.0,1755.0,1845.0,1935.0,2025.0,2115.0
94,Riven,558.48,86.0,558.48,644.48,730.48,816.48,902.48,988.48,1074.48,1160.48,1246.48,1332.48,1418.48,1504.48,1590.48,1676.48,1762.48,1848.48,1934.48,2020.48
95,Rumble,589.0,85.0,589.0,674.0,759.0,844.0,929.0,1014.0,1099.0,1184.0,1269.0,1354.0,1439.0,1524.0,1609.0,1694.0,1779.0,1864.0,1949.0,2034.0
96,Ryze,570.48,98.0,570.48,668.48,766.48,864.48,962.48,1060.48,1158.48,1256.48,1354.48,1452.48,1550.48,1648.48,1746.48,1844.48,1942.48,2040.48,2138.48,2236.48
97,Sejuani,560.0,105.0,560.0,665.0,770.0,875.0,980.0,1085.0,1190.0,1295.0,1400.0,1505.0,1610.0,1715.0,1820.0,1925.0,2030.0,2135.0,2240.0,2345.0
98,Shaco,587.0,89.0,587.0,676.0,765.0,854.0,943.0,1032.0,1121.0,1210.0,1299.0,1388.0,1477.0,1566.0,1655.0,1744.0,1833.0,1922.0,2011.0,2100.0
99,Shen,540.0,85.0,540.0,625.0,710.0,795.0,880.0,965.0,1050.0,1135.0,1220.0,1305.0,1390.0,1475.0,1560.0,1645.0,1730.0,1815.0,1900.0,1985.0
100,Shyvana,595.0,95.0,595.0,690.0,785.0,880.0,975.0,1070.0,1165.0,1260.0,1355.0,1450.0,1545.0,1640.0,1735.0,1830.0,1925.0,2020.0,2115.0,2210.0
101,Singed,610.0,85.0,610.0,695.0,780.0,865.0,950.0,1035.0,1120.0,1205.0,1290.0,1375.0,1460.0,1545.0,1630.0,1715.0,1800.0,1885.0,1970.0,2055.0
102,Sion,542.64,73.0,542.64,615.64,688.64,761.64,834.64,907.64,980.64,1053.6399999999999,1126.6399999999999,1199.6399999999999,1272.6399999999999,1345.6399999999999,1418.6399999999999,1491.6399999999999,1564.6399999999999,1637.6399999999999,1710.6399999999999,1783.6399999999999
103,Sivir,532.0,88.0,532.0,620.0,708.0,796.0,884.0,972.0,1060.0,1148.0,1236.0,1324.0,1412.0,1500.0,1588.0,1676.0,1764.0,1852.0,1940.0,2028.0
104,Skarner,601.28,90.0,601.28,691.28,781.28,871.28,961.28,1051.28,1141.28,1231.28,1321.28,1411.28,1501.28,1591.28,1681.28,1771.28,1861.28,1951.28,2041.28,2131.2799999999997
105,Sona,482.36,77.0,482.36,559.36,636.36,713.36,790.36,867.36,944.36,1021.36,1098.3600000000001,1175.3600000000001,1252.3600000000001,1329.3600000000001,1406.3600000000001,1483.3600000000001,1560.3600000000001,1637.3600000000001,1714.3600000000001,1791.3600000000001
106,Soraka,529.04,78.0,529.04,607.04,685.04,763.04,841.04,919.04,997.04,1075.04,1153.04,1231.04,1309.04,1387.04,1465.04,1543.04,1621.04,1699.04,1777.04,1855.04
107,Swain,525.0,90.0,525.0,615.0,705.0,795.0,885.0,975.0,1065.0,1155.0,1245.0,1335.0,1425.0,1515.0,1605.0,1695.0,1785.0,1875.0,1965.0,2055.0
108,Sylas,585.0,85.0,585.0,670.0,755.0,840.0,925.0,1010.0,1095.0,1180.0,1265.0,1350.0,1435.0,1520.0,1605.0,1690.0,1775.0,1860.0,1945.0,2030.0
109,Syndra,523.0,90.0,523.0,613.0,703.0,793.0,883.0,973.0,1063.0,1153.0,1243.0,1333.0,1423.0,1513.0,1603.0,1693.0,1783.0,1873.0,1963.0,2053.0
110,Tahm Kench,540.0,102.0,540.0,642.0,744.0,846.0,948.0,1050.0,1152.0,1254.0,1356.0,1458.0,1560.0,1662.0,1764.0,1866.0,1968.0,2070.0,2172.0,2274.0
111,Taliyah,532.0,90.0,532.0,622.0,712.0,802.0,892.0,982.0,1072.0,1162.0,1252.0,1342.0,1432.0,1522.0,1612.0,1702.0,1792.0,1882.0,1972.0,2062.0
112,Talon,588.0,95.0,588.0,683.0,778.0,873.0,968.0,1063.0,1158.0,1253.0,1348.0,1443.0,1538.0,1633.0,1728.0,1823.0,1918.0,2013.0,2108.0,2203.0
113,Taric,575.0,90.0,575.0,665.0,755.0,845.0,935.0,1025.0,1115.0,1205.0,1295.0,1385.0,1475.0,1565.0,1655.0,1745.0,1835.0,1925.0,2015.0,2105.0
114,Teemo,528.0,90.0,528.0,618.0,708.0,798.0,888.0,978.0,1068.0,1158.0,1248.0,1338.0,1428.0,1518.0,1608.0,1698.0,1788.0,1878.0,1968.0,2058.0
115,Thresh,560.52,93.0,560.52,653.52,746.52,839.52,932.52,1025.52,1118.52,1211.52,1304.52,1397.52,1490.52,1583.52,1676.52,1769.52,1862.52,1955.52,2048.52,2141.52
116,Tristana,559.0,88.0,559.0,647.0,735.0,823.0,911.0,999.0,1087.0,1175.0,1263.0,1351.0,1439.0,1527.0,1615.0,1703.0,1791.0,1879.0,1967.0,2055.0
117,Trundle,616.28,96.0,616.28,712.28,808.28,904.28,1000.28,1096.28,1192.28,1288.28,1384.28,1480.28,1576.28,1672.28,1768.28,1864.28,1960.28,2056.2799999999997,2152.2799999999997,2248.2799999999997
118,Tryndamere,625.64,98.0,625.64,723.64,821.64,919.64,1017.64,1115.6399999999999,1213.6399999999999,1311.6399999999999,1409.6399999999999,1507.6399999999999,1605.6399999999999,1703.6399999999999,1801.6399999999999,1899.6399999999999,1997.6399999999999,2095.64,2193.64,2291.64
119,Twisted Fate,534.0,94.0,534.0,628.0,722.0,816.0,910.0,1004.0,1098.0,1192.0,1286.0,1380.0,1474.0,1568.0,1662.0,1756.0,1850.0,1944.0,2038.0,2132.0
120,Twitch,582.0,84.0,582.0,666.0,750.0,834.0,918.0,1002.0,1086.0,1170.0,1254.0,1338.0,1422.0,1506.0,1590.0,1674.0,1758.0,1842.0,1926.0,2010.0
121,Udyr,593.32,99.0,593.32,692.32,791.32,890.32,989.32,1088.3200000000002,1187.3200000000002,1286.3200000000002,1385.3200000000002,1484.3200000000002,1583.3200000000002,1682.3200000000002,1781.3200000000002,1880.3200000000002,1979.3200000000002,2078.32,2177.32,2276.32
122,Urgot,585.0,88.0,585.0,673.0,761.0,849.0,937.0,1025.0,1113.0,1201.0,1289.0,1377.0,1465.0,1553.0,1641.0,1729.0,1817.0,1905.0,1993.0,2081.0
123,Varus,499.0,89.0,499.0,588.0,677.0,766.0,855.0,944.0,1033.0,1122.0,1211.0,1300.0,1389.0,1478.0,1567.0,1656.0,1745.0,1834.0,1923.0,2012.0
124,Vayne,515.0,89.0,515.0,604.0,693.0,782.0,871.0,960.0,1049.0,1138.0,1227.0,1316.0,1405.0,1494.0,1583.0,1672.0,1761.0,1850.0,1939.0,2028.0
125,Veigar,505.0,94.0,505.0,599.0,693.0,787.0,881.0,975.0,1069.0,1163.0,1257.0,1351.0,1445.0,1539.0,1633.0,1727.0,1821.0,1915.0,2009.0,2103.0
126,Vel'Koz,520.0,88.0,520.0,608.0,696.0,784.0,872.0,960.0,1048.0,1136.0,1224.0,1312.0,1400.0,1488.0,1576.0,1664.0,1752.0,1840.0,1928.0,2016.0
127,Vi,585.0,85.0,585.0,670.0,755.0,840.0,925.0,1010.0,1095.0,1180.0,1265.0,1350.0,1435.0,1520.0,1605.0,1690.0,1775.0,1860.0,1945.0,2030.0
128,Viktor,528.04,90.0,528.04,618.04,708.04,798.04,888.04,978.04,1068.04,1158.04,1248.04,1338.04,1428.04,1518.04,1608.04,1698.04,1788.04,1878.04,1968.04,2058.04
129,Vladimir,537.0,96.0,537.0,633.0,729.0,825.0,921.0,1017.0,1113.0,1209.0,1305.0,1401.0,1497.0,1593.0,1689.0,1785.0,1881.0,1977.0,2073.0,2169.0
130,Volibear,584.48,86.0,584.48,670.48,756.48,842.48,928.48,1014.48,1100.48,1186.48,1272.48,1358.48,1444.48,1530.48,1616.48,1702.48,1788.48,1874.48,1960.48,2046.48
131,Warwick,550.0,85.0,550.0,635.0,720.0,805.0,890.0,975.0,1060.0,1145.0,1230.0,1315.0,1400.0,1485.0,1570.0,1655.0,1740.0,1825.0,1910.0,1995.0
132,Xayah,561.0,86.0,561.0,647.0,733.0,819.0,905.0,991.0,1077.0,1163.0,1249.0,1335.0,1421.0,1507.0,1593.0,1679.0,1765.0,1851.0,1937.0,2023.0
133,Xerath,526.0,92.0,526.0,618.0,710.0,802.0,894.0,986.0,1078.0,1170.0,1262.0,1354.0,1446.0,1538.0,1630.0,1722.0,1814.0,1906.0,1998.0,2090.0
134,Xin Zhao,570.0,92.0,570.0,662.0,754.0,846.0,938.0,1030.0,1122.0,1214.0,1306.0,1398.0,1490.0,1582.0,1674.0,1766.0,1858.0,1950.0,2042.0,2134.0
135,Yasuo,523.0,87.0,523.0,610.0,697.0,784.0,871.0,958.0,1045.0,1132.0,1219.0,1306.0,1393.0,1480.0,1567.0,1654.0,1741.0,1828.0,1915.0,2002.0
136,Yorick,580.0,100.0,580.0,680.0,780.0,880.0,980.0,1080.0,1180.0,1280.0,1380.0,1480.0,1580.0,1680.0,1780.0,1880.0,1980.0,2080.0,2180.0,2280.0
137,Zac,615.0,95.0,615.0,710.0,805.0,900.0,995.0,1090.0,1185.0,1280.0,1375.0,1470.0,1565.0,1660.0,1755.0,1850.0,1945.0,2040.0,2135.0,2230.0
138,Zed,584.0,85.0,584.0,669.0,754.0,839.0,924.0,1009.0,1094.0,1179.0,1264.0,1349.0,1434.0,1519.0,1604.0,1689.0,1774.0,1859.0,1944.0,2029.0
139,Ziggs,536.0,92.0,536.0,628.0,720.0,812.0,904.0,996.0,1088.0,1180.0,1272.0,1364.0,1456.0,1548.0,1640.0,1732.0,1824.0,1916.0,2008.0,2100.0
140,Zilean,504.0,82.0,504.0,586.0,668.0,750.0,832.0,914.0,996.0,1078.0,1160.0,1242.0,1324.0,1406.0,1488.0,1570.0,1652.0,1734.0,1816.0,1898.0
141,Zoe,560.0,92.0,560.0,652.0,744.0,836.0,928.0,1020.0,1112.0,1204.0,1296.0,1388.0,1480.0,1572.0,1664.0,1756.0,1848.0,1940.0,2032.0,2124.0
142,Zyra,504.0,79.0,504.0,583.0,662.0,741.0,820.0,899.0,978.0,1057.0,1136.0,1215.0,1294.0,1373.0,1452.0,1531.0,1610.0,1689.0,1768.0,1847.0
